{
    "metrics": {
        "silhouette_score": 0.19381617359337552,
        "sse": 85939.28705617915
    },
    "cluster_scores": [
        [
            2,
            0.0702836983187019
        ],
        [
            3,
            0.13018109392955624
        ],
        [
            4,
            0.13864526657186435
        ],
        [
            5,
            0.1350924123347787
        ],
        [
            6,
            0.12873804311097387
        ],
        [
            7,
            0.14437255409258035
        ],
        [
            8,
            0.1490540203004509
        ],
        [
            9,
            0.15603796645226078
        ],
        [
            10,
            0.17194913935411985
        ],
        [
            11,
            0.17241524077614312
        ],
        [
            12,
            0.17317419809471238
        ],
        [
            13,
            0.1733945175401972
        ],
        [
            14,
            0.17843946099929142
        ],
        [
            15,
            0.18019222998644643
        ],
        [
            16,
            0.18916060796157627
        ],
        [
            17,
            0.19381617359337552
        ]
    ],
    "best_params": [
        17,
        0.19381617359337552
    ]
}